{
    "train": {
      "loss": [0.019288355484604836, 0.011296323500573635, 0.0066048274748027325, 0.004218457732349634, 0.0033301888033747673, 0.0031190922018140554, 0.0030561352614313364, 0.003022046061232686, 0.003000155556946993, 0.0029850781429558992, 0.0029748245142400265],
      "acc": [0.4399999976158142, 0.5994472503662109, 0.7332174777984619, 0.8220765590667725, 0.8577654957771301, 0.8660718202590942, 0.8688827157020569, 0.8708093166351318, 0.8720726370811462, 0.8727832436561584, 0.8733833432197571]
    },
    "test": {
      "loss": [2.6115144592867727, 1.9887125617268508, 1.5232149284500702, 1.3284163864389138, 1.2688834841591183, 1.2549633358952248, 1.2462334553900392, 1.240266829832218, 1.2355939976153891, 1.2316484048459118, 1.2284827743564861],
      "acc": [0.4, 0.5, 0.5666666666666667, 0.6266666666666667, 0.6444444444444445, 0.6488888888888888, 0.6511111111111111, 0.66, 0.6644444444444444, 0.6688888888888889, 0.6733333333333333]
    },
    "val": {
      "loss": [2.8566254186985405, 2.2249768469062152, 1.7329897842485709, 1.512049055357889, 1.4745239660299831, 1.4693792143270028, 1.4579773291873037, 1.4525374100890234, 1.4481889155005434, 1.4447955591909163, 1.4418807557185789],
      "acc": [0.3688888888888889, 0.43333333333333335, 0.5377777777777778, 0.5711111111111111, 0.58, 0.5844444444444444, 0.5888888888888889, 0.5844444444444444, 0.5866666666666667, 0.5844444444444444, 0.5888888888888889]
    },
    "save_path": "./ckpt/06_08_16_dy_cnn_RGB.pt"
  }