{
    "train": {
      "loss": [0.020230544731020927, 0.012178339064121246, 0.011361557990312576, 0.011359095573425293, 0.011358516290783882, 0.011357766576111317, 0.011356895789504051, 0.011356228031218052],
      "acc": [0.42629292607307434, 0.5766285061836243, 0.5951677560806274, 0.5951993465423584, 0.5951993465423584, 0.5951835513114929, 0.5953730344772339, 0.5952309370040894]
    },
    "test": {
      "loss": [2.7834887809583684, 2.4835456679338015, 2.445500656887138, 2.4349240448328926, 2.4258426832942104, 2.418000837712306, 2.431544088930525, 2.420737845169612],
      "acc": [0.4266666666666667, 0.4533333333333333, 0.45111111111111113, 0.4488888888888889, 0.4488888888888889, 0.4533333333333333, 0.4488888888888889, 0.45111111111111113]
    },
    "val": {
      "loss": [2.8368697984309246, 2.611532919740373, 2.577523219819494, 2.567394788134753, 2.560058490550233, 2.5535833823667584, 2.5660903405219213, 2.556152410365529],
      "acc": [0.37333333333333335, 0.37777777777777777, 0.38666666666666666, 0.3888888888888889, 0.38666666666666666, 0.3888888888888889, 0.3888888888889889, 0.3888888888888889]
    },
    "save_path": "./ckpt/06_08_16_dy_cnn_G.pt"
  }