{
    "train": {
      "loss": [0.050990648567676544, 0.046019986271858215, 0.04345560818910599, 0.04305311664938927, 0.04257058724761009, 0.04113217815756798, 0.03558349609375, 0.035416435450315475, 0.03541234880685806, 0.03541059046983719, 0.035389866679906845, 0.0353892520070076],
      "acc": [0.10888274759054184, 0.13605999946594238, 0.1551835685968399, 0.15801025927066803, 0.16195814311504364, 0.1756020486354828, 0.22924594581127167, 0.23259375989437103, 0.2326253354549408, 0.23268850147724152, 0.23311488330364227, 0.23313066363334656]
    },
    "test": {
      "loss": [6.482617679890568, 5.885947185247254, 5.794965200858059, 5.720016825998617, 5.63495651649696, 5.051990062734698, 4.686311120800843, 4.683630036522178, 4.686616181607059, 4.685101280897097, 4.69713849580769, 4.697229526270693],
      "acc": [0.10888888888888888, 0.13333333333333333, 0.14888888888888888, 0.15333333333333332, 0.1622222222222222, 0.19111111111111112, 0.21555555555555556, 0.2222222222222222, 0.21777777777777776, 0.21777777777777776, 0.21555555555555556, 0.21555555555555556]
    },
    "val": {
      "loss": [6.772443448043842, 6.180728161253436, 6.078714494188575, 5.995852730781642, 5.92983401680805, 4.847776425264892, 4.770116117566423, 4.771424441618954, 4.774810715601456, 4.776011408038547, 4.80464688138742, 4.80513249878749],
      "acc": [0.09333333333333334, 0.14444444444444443, 0.14, 0.14222222222222222, 0.14666666666666667, 0.20666666666666667, 0.23333333333333334, 0.2311111111111111, 0.2311111111111111, 0.2311111111111111, 0.23333333333333334, 0.2311111111111111]
    },
    "save_path": "./ckpt/06_08_16_dy_cnn_RG.pt"
  }