{
    "train": {
      "loss": [0.014229213818907738, 0.012733330950140953, 0.01273290067911148, 0.0127321258187294, 0.0127310361713171, 0.01273086667060852],
      "acc": [0.5341650247573853, 0.5643900632858276, 0.564626932144165, 0.5647058486938477, 0.5648006200790405, 0.564626932144165]
    },
    "test": {
      "loss": [2.3483731027360326, 2.3426618582046417, 2.343075531763739, 2.3424829807653773, 2.34321319879773, 2.3460797777963984],
      "acc": [0.4533333333333333, 0.45111111111111113, 0.4533333333333333, 0.45111111111111113, 0.4533333333333333, 0.4533333333333333]
    },
    "val": {
      "loss": [2.5879921711749687, 2.5866623725250344, 2.5867346193588427, 2.5863385589356236, 2.586769207048049, 2.588595254111877],
      "acc": [0.42, 0.42444444444444446, 0.42444444444444446, 0.42444444444444446, 0.42444444444444446, 0.4222222222222222]
    },
    "save_path": "./ckpt/06_08_16_dy_cnn_B.pt"
  }
  