{"RGB": 0.6488888888888888, "RG": 0.21555555555555556, "RB": 0.5577777777777778, "BG": 0.19333333333333333, "R": 0.4822222222222222, "G": 0.45111111111111113, "B": 0.4533333333333333}