{
  "train": {
    "loss": [0.02979239821434021, 0.021083509549498558, 0.017354464158415794, 0.01482741255313158, 0.012153900228440762, 0.00914010964334011, 0.007204405963420868, 0.006327156908810139, 0.006184140685945749, 0.006112873554229736, 0.006071318406611681, 0.006046340800821781],
    "acc": [0.2849111557006836, 0.4002210795879364, 0.4653454124927521, 0.515167772769928, 0.574370265007019, 0.6537386178970337, 0.7113777995109558, 0.7433872818946838, 0.7485037446022034, 0.7515673041343689, 0.7526411414146423, 0.7540623545646667]
  },
  "test": {
    "loss": [3.6167615316283546, 3.1815303710034266, 2.7972402275843207, 2.504579304277123, 2.0915952684509587, 1.8165161517911252, 1.6125425601328385, 1.5997593667289494, 1.5888953826671786, 1.5852684935043473, 1.5817618419337551, 1.579740298037021],
    "acc": [0.28888888888888886, 0.3333333333333333, 0.3711111111111111, 0.43333333333333335, 0.4533333333333333, 0.52, 0.5577777777777778, 0.5644444444444444, 0.5644444444444444, 0.5622222222222222, 0.5666666666666667, 0.5733333333333334]
  },
  "val": {
    "loss": [3.813737795027059, 3.4528798465387456, 3.1279013106991402, 2.8418448055423524, 2.304807484004058, 2.039310134834491, 1.8444165061967397, 1.835135595090207, 1.8303012845471145, 1.8266286611956148, 1.8236741678609028, 1.821976071720725],
    "acc": [0.2688888888888889, 0.31777777777777777, 0.34444444444444444, 0.3688888888888889, 0.43555555555555553, 0.48444444444444446, 0.5333333333333333, 0.5177777777777778, 0.5177777777777778, 0.5177777777777778, 0.5244444444444445, 0.5244444444444445]
  },
  "save_path": "./ckpt/06_08_16_dy_cnn_RB.pt"
}