{"RGB": 0.68, "RG": 0.24222222222222223, "RB": 0.051111111111111114, "BG": 0.03777777777777778, "R": 0.024444444444444446, "G": 0.04, "B": 0.02}