{"best_valloss": 0.0, "best_epoch": 0, "train": {"loss": [0.04975809529423714, 0.03989362716674805, 0.03266127407550812, 0.02675250917673111, 0.018780823796987534, 0.016690680757164955, 0.015130670741200447, 0.013304959051311016, 0.012948141433298588, 0.012725697830319405, 0.012486028485000134, 0.012451119720935822, 0.012425277382135391, 0.012393730692565441, 0.012391366995871067, 0.012389019131660461, 0.012385765090584755, 0.01238555833697319, 0.012385345995426178, 0.012385157868266106, 0.012384950183331966, 0.012384758330881596, 0.012384551577270031, 0.012384355068206787, 0.012384145520627499, 0.012383943423628807, 0.012383745051920414, 0.012383549474179745, 0.012383350171148777, 0.01238316111266613, 0.012382952496409416, 0.012382744811475277, 0.012382558546960354, 0.012382365763187408, 0.012382159009575844, 0.012381958775222301, 0.012381755746901035, 0.012381566688418388, 0.012381368316709995, 0.012381165288388729, 0.012380973435938358, 0.01238077599555254, 0.01238058041781187, 0.012380384840071201, 0.012380184605717659, 0.012379990890622139, 0.012379789724946022, 0.012379594147205353, 0.012379410676658154, 0.012379210442304611], "acc": [0.14970390498638153, 0.2755467891693115, 0.3879668116569519, 0.4858744442462921, 0.6283142566680908, 0.6640821099281311, 0.6938491463661194, 0.7300276160240173, 0.7364073991775513, 0.740860641002655, 0.7453770041465759, 0.7463876605033875, 0.7469087839126587, 0.7477457523345947, 0.7477299571037292, 0.7477299571037292, 0.7478404641151428, 0.7478404641151428, 0.7478404641151428, 0.7478246688842773, 0.7478246688842773, 0.7478246688842773, 0.7478404641151428, 0.7478246688842773, 0.7478246688842773, 0.7478246688842773, 0.7478246688842773, 0.7478404641151428, 0.7478562593460083, 0.7478562593460083, 0.7478562593460083, 0.7478562593460083, 0.7478562593460083, 0.7478562593460083, 0.7478720545768738, 0.7478720545768738, 0.7478720545768738, 0.7478720545768738, 0.7479036450386047, 0.7479036450386047, 0.7478878498077393, 0.7478720545768738, 0.7478720545768738, 0.7478720545768738, 0.7478720545768738, 0.7478878498077393, 0.7479194402694702, 0.7479036450386047, 0.7479194402694702, 0.7479194402694702]}, "test": {"loss": [0.0, 0.0, 0.0, 0.0, 0.0, 0.0, 0.0, 0.0, 0.0, 0.0, 0.0, 0.0, 0.0, 0.0, 0.0, 0.0, 0.0, 0.0, 0.0, 0.0, 0.0, 0.0, 0.0, 0.0, 0.0, 0.0, 0.0, 0.0, 0.0, 0.0, 0.0, 0.0, 0.0, 0.0, 0.0, 0.0, 0.0, 0.0, 0.0, 0.0, 0.0, 0.0, 0.0, 0.0, 0.0, 0.0, 0.0, 0.0, 0.0, 0.0], "acc": [0.15333333333333332, 0.24666666666666667, 0.36, 0.42, 0.5888888888888889, 0.6, 0.6022222222222222, 0.6244444444444445, 0.6311111111111111, 0.6288888888888889, 0.6244444444444445, 0.62, 0.6222222222222222, 0.6222222222222222, 0.6222222222222222, 0.6222222222222222, 0.6222222222222222, 0.6222222222222222, 0.6222222222222222, 0.6222222222222222, 0.6222222222222222, 0.6222222222222222, 0.6222222222222222, 0.6222222222222222, 0.6222222222222222, 0.6222222222222222, 0.6222222222222222, 0.6222222222222222, 0.6222222222222222, 0.6222222222222222, 0.6222222222222222, 0.6222222222222222, 0.6222222222222222, 0.6222222222222222, 0.6222222222222222, 0.6222222222222222, 0.6222222222222222, 0.6222222222222222, 0.6222222222222222, 0.6222222222222222, 0.6222222222222222, 0.6222222222222222, 0.6222222222222222, 0.6222222222222222, 0.6222222222222222, 0.6222222222222222, 0.6222222222222222, 0.6222222222222222, 0.6222222222222222, 0.6222222222222222]}, "val": {"loss": [0.0, 0.0, 0.0, 0.0, 0.0, 0.0, 0.0, 0.0, 0.0, 0.0, 0.0, 0.0, 0.0, 0.0, 0.0, 0.0, 0.0, 0.0, 0.0, 0.0, 0.0, 0.0, 0.0, 0.0, 0.0, 0.0, 0.0, 0.0, 0.0, 0.0, 0.0, 0.0, 0.0, 0.0, 0.0, 0.0, 0.0, 0.0, 0.0, 0.0, 0.0, 0.0, 0.0, 0.0, 0.0, 0.0, 0.0, 0.0, 0.0, 0.0], "acc": [0.13333333333333333, 0.2088888888888889, 0.33555555555555555, 0.43555555555555553, 0.5666666666666667, 0.58, 0.5911111111111111, 0.6066666666666667, 0.6044444444444445, 0.6066666666666667, 0.6088888888888889, 0.6088888888888889, 0.6044444444444445, 0.6044444444444445, 0.6044444444444445, 0.6044444444444445, 0.6044444444444445, 0.6044444444444445, 0.6044444444444445, 0.6044444444444445, 0.6044444444444445, 0.6044444444444445, 0.6044444444444445, 0.6044444444444445, 0.6044444444444445, 0.6044444444444445, 0.6044444444444445, 0.6044444444444445, 0.6044444444444445, 0.6044444444444445, 0.6044444444444445, 0.6044444444444445, 0.6044444444444445, 0.6044444444444445, 0.6044444444444445, 0.6044444444444445, 0.6044444444444445, 0.6044444444444445, 0.6044444444444445, 0.6044444444444445, 0.6044444444444445, 0.6044444444444445, 0.6066666666666667, 0.6066666666666667, 0.6066666666666667, 0.6066666666666667, 0.6066666666666667, 0.6066666666666667, 0.6066666666666667, 0.6066666666666667]}, "save_path": "./ckpt/06_08_04_naive.pt"}