{
    "train": {
      "loss": [0.052414294332265854, 0.04791238531470299, 0.039557941257953644, 0.03814806789159775, 0.03798676282167435, 0.03794888034462929, 0.037939898669719696, 0.037931691855192184, 0.037930916994810104],
      "acc": [0.12018949538469315, 0.14834582805633545, 0.19810500741004944, 0.2071535736322403, 0.2084958553314209, 0.20931701362133026, 0.20930121839046478, 0.20933279395103455, 0.20949071645736694]
    },
    "test": {
      "loss": [6.906465959238122, 5.804046754824823, 5.15863957851349, 5.067197151516567, 5.034949211974485, 5.01868561296018, 5.009006046677716, 4.9754513010030434, 4.976513257007348],
      "acc": [0.12, 0.14888888888888888, 0.18444444444444444, 0.19333333333333333, 0.2, 0.2, 0.19777777777777777, 0.2088888888888889, 0.2088888888888889]
    },
    "val": {
      "loss": [7.175819729994109, 5.965097543250368, 5.249039745407369, 5.2305046194013025, 5.241066895156182, 5.243713284286172, 5.25015780333331, 5.23588931934292, 5.235335909416285],
      "acc": [0.10222222222222223, 0.14444444444444443, 0.16666666666666666, 0.17777777777777778, 0.16666666666666666, 0.1622222222222222, 0.1622222222222222, 0.16666666666666666, 0.16666666666666666]
    },
    "save_path": "./ckpt/06_08_16_dy_cnn_BG.pt"
  }