{
    "train": {
      "loss": [0.012749317102134228, 0.010634360834956169, 0.01063667144626379, 0.010638748295605183, 0.010637198574841022, 0.010637382976710796],
      "acc": [0.5663008093833923, 0.612443745136261, 0.6124910712242126, 0.6125858426094055, 0.6127122044563293, 0.6128069162368774]
    },
    "test": {
      "loss": [2.102792738573889, 2.1051005456409526, 2.111256711199771, 2.117811188076115, 2.1158152255106244, 2.117084814181831],
      "acc": [0.4822222222222222, 0.48, 0.4777777777777778, 0.47555555555555556, 0.47555555555555556, 0.4777777777777778]
    },
    "val": {
      "loss": [2.2961172065293023, 2.29384848793595, 2.2907382579375097, 2.290732458219161, 2.290579678223611, 2.290558312465922],
      "acc": [0.43333333333333335, 0.43333333333333335, 0.43555555555555553, 0.43555555555555553, 0.43333333333333335, 0.4266666666666667]
    },
    "save_path": "./ckpt/06_08_16_dy_cnn_R.pt"
  }