{
    "train": {
      "loss": [0.02480095624923706, 0.02003258652985096, 0.017442595213651657, 0.01542605273425579, 0.013803490437567234, 0.012507430277764797, 0.011411613784730434, 0.010444624349474907, 0.008257832378149033, 0.007341184187680483, 0.0068208142183721066, 0.006372925825417042, 0.0058631193824112415, 0.005755378864705563, 0.005693377461284399, 0.005618430208414793, 0.005608542822301388],
      "acc": [0.1471298784017563, 0.27482035756111145, 0.35508882999420166, 0.41907617449760437, 0.4722147583961487, 0.5144887566566467, 0.5517725944519043, 0.5826924443244934, 0.6627240180969238, 0.6965179443359375, 0.7171258926391602, 0.7368337512016296, 0.7578049302101135, 0.7630477547645569, 0.7660165429115295, 0.7686695456504822, 0.769301176071167]
    },
    "test": {
      "loss": [2.8619915158715514, 3.210511803326598, 2.518779092839557, 2.2011395573212456, 2.133655237141065, 2.2183805759427844, 2.111276209350148, 2.36160833155898, 1.775330076275287, 1.789211604414987, 1.8164722923082566, 1.854012985778695, 1.8369895173276594, 1.8433976109493848, 1.8492532301839129, 1.8498169472363188, 1.8498336138432978],
      "acc": [0.21555555555555556, 0.20666666666666667, 0.31555555555555553, 0.36, 0.38, 0.42, 0.4266666666666667, 0.4022222222222222, 0.5066666666666667, 0.5222222222222223, 0.5222222222222223, 0.5222222222222223, 0.5177777777777778, 0.52, 0.5177777777777778, 0.5155555555555555, 0.5133333333333333]
    },
    "val": {
      "loss": [2.8232541143894196, 3.0960980246351877, 2.4922716879018116, 2.209157807506207, 2.136810378829024, 2.200338804195958, 2.147247039460603, 2.3110235396462424, 1.6493487095705182, 1.6511585085509766, 1.6764343557096972, 1.7188726801401815, 1.712095498298988, 1.7141116149850066, 1.7185706704701948, 1.7170530489733276, 1.7167983762880215],
      "acc": [0.2222222222222222, 0.20666666666666667, 0.2822222222222222, 0.3711111111111111, 0.3888888888888889, 0.42, 0.4222222222222222, 0.39555555555555555, 0.5333333333333333, 0.5422222222222223, 0.5422222222222223, 0.5533333333333333, 0.5422222222222223, 0.5422222222222223, 0.5444444444444444, 0.5466666666666666, 0.5466666666666666]
    },
    "save_path": "./ckpt/06_15_23_custom_RGB.pt"
  }