{
    "train": {
      "loss": [0.025865547358989716, 0.02206251583993435, 0.01959337294101715, 0.017552420496940613, 0.0158481914550066, 0.014423164539039135, 0.01321934163570404, 0.012180677615106106, 0.011262036859989166, 0.010301469825208187, 0.009580030106008053, 0.008829837664961815, 0.00701789790764451, 0.006042966619133949, 0.005533682648092508, 0.005112809594720602, 0.004676357842981815, 0.004565403796732426],
      "acc": [0.12645873427391052, 0.220276340842247, 0.29007500410079956, 0.3543623983860016, 0.40802210569381714, 0.4517331123352051, 0.48900118470191956, 0.5251322388648987, 0.5560836791992188, 0.5864034295082092, 0.6122384071350098, 0.6382313370704651, 0.7096880674362183, 0.7484563589096069, 0.769111692905426, 0.7872087955474854, 0.8071851134300232, 0.812601625919342]
    },
    "test": {
      "loss": [3.0805892730587057, 2.876039245840576, 2.6474049573888383, 2.2977725374677944, 2.1696207444488795, 2.225540227367439, 2.4755450887860366, 2.039995286602627, 2.152958069027841, 3.0855100787280634, 2.3591323350461284, 2.4535143527723915, 1.7629154303781414, 1.8073844602259488, 1.856013369025879, 1.9129433952546395, 1.9120115573713825, 1.9194078583699654],
      "acc": [0.18222222222222223, 0.22, 0.2311111111111111, 0.3333333333333333, 0.38222222222222224, 0.36444444444444446, 0.3333333333333333, 0.4266666666666667, 0.41555555555555557, 0.3333333333333333, 0.41555555555555557, 0.38222222222222224, 0.5266666666666666, 0.5244444444444445, 0.52, 0.5222222222222223, 0.5333333333333333, 0.5266666666666666]
    },
    "val": {
      "loss": [3.1619809620247947, 2.82147884292735, 2.5802210789256628, 2.297624134211801, 2.20700855396481, 2.2335890456648, 2.4962852875156547, 2.155968174653632, 2.15032440590192, 3.0880781655051277, 2.4753899761885743, 2.522733906878857, 1.7256907562303039, 1.7584057134075597, 1.8044537830312968, 1.8595018084815378, 1.8513465286757238, 1.8602500780186706],
      "acc": [0.13777777777777778, 0.2288888888888889, 0.26222222222222225, 0.3466666666666667, 0.34444444444444444, 0.35555555555555557, 0.3288888888888889, 0.41333333333333333, 0.4222222222222222, 0.3422222222222222, 0.39555555555555555, 0.3711111111111111, 0.5311111111111111, 0.5311111111111111, 0.5155555555555555, 0.5133333333333333, 0.5155555555555555, 0.5133333333333333]
    },
    "save_path": "./ckpt/06_16_00_custom_RGB.pt"
  }