{
    "train": {
      "loss": [0.025242913514375687, 0.019916893914341927, 0.016329677775502205, 0.013582541607320309, 0.011467359028756618, 0.009754559025168419, 0.00832450669258833, 0.006929757073521614, 0.004311928991228342, 0.003063228679820895, 0.002349663292989135, 0.0017669859807938337, 0.0012952451361343265, 0.0011989892227575183],
      "acc": [0.14408211410045624, 0.2769048511981964, 0.3864824175834656, 0.4760836958885193, 0.548203706741333, 0.6096012592315674, 0.6577023267745972, 0.7088669538497925, 0.8164705634117126, 0.8730359077453613, 0.9075878262519836, 0.9351440668106079, 0.9574891328811646, 0.9617212414741516]
    },
    "test": {
      "loss": [3.1842833179897734, 2.55735071848664, 2.4592225512608032, 2.3055723561025743, 2.0116587447204965, 2.072653128989554, 2.249048767487984, 2.551301426209553, 1.3196456907630707, 1.3796689643879574, 1.4582302425174065, 1.5531565546734674, 1.551436152222517, 1.5635502494989082],
      "acc": [0.15555555555555556, 0.2733333333333333, 0.32666666666666666, 0.37777777777777777, 0.4222222222222222, 0.43333333333333335, 0.3888888888888889, 0.3844444444444444, 0.6155555555555555, 0.6111111111111112, 0.6044444444444445, 0.6044444444444445, 0.6088888888888889, 0.6111111111111112]
    },
    "val": {
      "loss": [3.160174222919676, 2.637743495868312, 2.48168656612229, 2.3205646940359537, 2.1877359129011165, 2.2713285626233026, 2.4086331604463016, 2.6276815582985305, 1.3362842464872218, 1.3912979737702442, 1.4693439391096277, 1.5592642019891452, 1.5421095299242908, 1.552633203216709],
      "acc": [0.16, 0.29777777777777775, 0.32222222222222224, 0.36, 0.4088888888888889, 0.4288888888888889, 0.3511111111111111, 0.3622222222222222, 0.6311111111111111, 0.6266666666666667, 0.6266666666666667, 0.6088888888888889, 0.6088888888888889, 0.6133333333333333]
    },
    "save_path": "./ckpt/06_10_01_naive_RGB.pt"
  }